{"count":1,"self":453.15087359999995,"total":2299.4781416,"children":{"InitializeActuators":{"count":16,"self":0.0039641,"total":0.0039641,"children":null},"InitializeSensors":{"count":16,"self":0.0059800999999999995,"total":0.0059800999999999995,"children":null},"AgentSendState":{"count":112867,"self":82.2121664,"total":147.2613123,"children":{"CollectObservations":{"count":361184,"self":6.0491836,"total":6.0491836,"children":null},"WriteActionMask":{"count":361184,"self":3.0686152,"total":3.0686150999999997,"children":null},"RequestDecision":{"count":361184,"self":9.3379712,"total":55.931345799999995,"children":{"AgentInfo.ToProto":{"count":361184,"self":8.1722336,"total":46.593374499999996,"children":{"GenerateSensorData":{"count":361184,"self":29.592191999999997,"total":38.4211405,"children":{"RayPerceptionSensor.Perceive":{"count":361184,"self":8.828948,"total":8.828948,"children":null}}}}}}}}},"DecideAction":{"count":112867,"self":1677.848064,"total":1677.8480878,"children":null},"AgentAct":{"count":112867,"self":18.602129599999998,"total":21.1950619,"children":{"AgentInfo.ToProto":{"count":16350,"self":0.47905529999999996,"total":2.592932,"children":{"GenerateSensorData":{"count":16350,"self":1.7069893999999999,"total":2.1138767,"children":{"RayPerceptionSensor.Perceive":{"count":16350,"self":0.4068873,"total":0.4068873,"children":null}}}}}}},"AgentInfo.ToProto":{"count":71,"self":0.002934,"total":0.0088770999999999989,"children":{"GenerateSensorData":{"count":71,"self":0.0029822,"total":0.0059431,"children":{"RayPerceptionSensor.Perceive":{"count":71,"self":0.0029609,"total":0.0029609,"children":null}}}}}},"gauges":{"SwarmBehavior.CumulativeReward":{"count":16421,"max":8.017829,"min":-47.7287,"runningAverage":-1.75676024,"value":-0.61326474,"weightedAverage":-1.256059}},"metadata":{"timer_format_version":"0.1.0","start_time_seconds":"1622131487","unity_version":"2019.4.15f1","command_line_arguments":"C:\\Program Files\\Unity\\Hub\\Editor\\2019.4.15f1\\Editor\\Unity.exe -projectpath C:\/Users\/Gabriel\/Documents\/Skoltech\/M1\/Term 4\/Virtual Reality and Haptics\/Final Project\/Sk-VRH2021-SwarmImpedanceControl -useHub -hubIPC -cloudEnvironment production -hubSessionId 2b864c40-be43-11eb-b2e1-6dcdbeb4b062 -accessToken hJ9cy1ZSGDlxFpIcxQREz90SG_VJlqI5Z1bVgM2f58I012f","communication_protocol_version":"1.5.0","com.unity.ml-agents_version":"2.0.0-pre.3","scene_name":"Environment2","end_time_seconds":"1622133785"}}