{
    "name": "root",
    "gauges": {
        "SwarmBehavior.Policy.Entropy.mean": {
            "value": 1.1757549047470093,
            "min": 1.1757549047470093,
            "max": 1.417930245399475,
            "count": 50
        },
        "SwarmBehavior.Policy.Entropy.sum": {
            "value": 11738.7373046875,
            "min": 11714.296875,
            "max": 15086.7783203125,
            "count": 50
        },
        "SwarmBehavior.Environment.EpisodeLength.mean": {
            "value": 52.329787234042556,
            "min": 45.609302325581396,
            "max": 60.52147239263804,
            "count": 50
        },
        "SwarmBehavior.Environment.EpisodeLength.sum": {
            "value": 9838.0,
            "min": 9667.0,
            "max": 9939.0,
            "count": 50
        },
        "SwarmBehavior.Step.mean": {
            "value": 499970.0,
            "min": 9922.0,
            "max": 499970.0,
            "count": 50
        },
        "SwarmBehavior.Step.sum": {
            "value": 499970.0,
            "min": 9922.0,
            "max": 499970.0,
            "count": 50
        },
        "SwarmBehavior.Policy.ExtrinsicValueEstimate.mean": {
            "value": 1.7670693397521973,
            "min": -0.19822759926319122,
            "max": 1.7670693397521973,
            "count": 50
        },
        "SwarmBehavior.Policy.ExtrinsicValueEstimate.sum": {
            "value": 332.20904541015625,
            "min": -39.843746185302734,
            "max": 332.20904541015625,
            "count": 50
        },
        "SwarmBehavior.Policy.CuriosityValueEstimate.mean": {
            "value": 0.07495828717947006,
            "min": 0.0747758224606514,
            "max": 0.4975387454032898,
            "count": 50
        },
        "SwarmBehavior.Policy.CuriosityValueEstimate.sum": {
            "value": 14.092157363891602,
            "min": 13.908302307128906,
            "max": 92.66085815429688,
            "count": 50
        },
        "SwarmBehavior.Environment.CumulativeReward.mean": {
            "value": 3.6968070604699723,
            "min": -0.8501693444947401,
            "max": 3.963231189917493,
            "count": 50
        },
        "SwarmBehavior.Environment.CumulativeReward.sum": {
            "value": 694.9997273683548,
            "min": -163.2325141429901,
            "max": 737.1610013246536,
            "count": 50
        },
        "SwarmBehavior.Policy.ExtrinsicReward.mean": {
            "value": 3.6968070604699723,
            "min": -0.8501693444947401,
            "max": 3.963231189917493,
            "count": 50
        },
        "SwarmBehavior.Policy.ExtrinsicReward.sum": {
            "value": 694.9997273683548,
            "min": -163.2325141429901,
            "max": 737.1610013246536,
            "count": 50
        },
        "SwarmBehavior.Policy.CuriosityReward.mean": {
            "value": 0.022567654154857897,
            "min": 0.022567654154857897,
            "max": 0.30119350779287124,
            "count": 50
        },
        "SwarmBehavior.Policy.CuriosityReward.sum": {
            "value": 4.242718981113285,
            "min": 4.2354291384108365,
            "max": 56.021992449474055,
            "count": 50
        },
        "SwarmBehavior.Losses.PolicyLoss.mean": {
            "value": 0.03414771398577917,
            "min": 0.02941500830638688,
            "max": 0.038106860920379404,
            "count": 50
        },
        "SwarmBehavior.Losses.PolicyLoss.sum": {
            "value": 0.1024431419573375,
            "min": 0.059563440445344895,
            "max": 0.11243453770293854,
            "count": 50
        },
        "SwarmBehavior.Losses.ValueLoss.mean": {
            "value": 0.5174215114675462,
            "min": 0.01048233658123839,
            "max": 0.5489453277550638,
            "count": 50
        },
        "SwarmBehavior.Losses.ValueLoss.sum": {
            "value": 1.5522645344026387,
            "min": 0.023135211886256002,
            "max": 1.5522645344026387,
            "count": 50
        },
        "SwarmBehavior.Policy.LearningRate.mean": {
            "value": 9.018099098200009e-06,
            "min": 9.018099098200009e-06,
            "max": 0.0009874790012521,
            "count": 50
        },
        "SwarmBehavior.Policy.LearningRate.sum": {
            "value": 2.705429729460003e-05,
            "min": 2.705429729460003e-05,
            "max": 0.0028505960149404,
            "count": 50
        },
        "SwarmBehavior.Policy.Epsilon.mean": {
            "value": 0.1009018,
            "min": 0.1009018,
            "max": 0.1987479,
            "count": 50
        },
        "SwarmBehavior.Policy.Epsilon.sum": {
            "value": 0.3027054,
            "min": 0.20591360000000003,
            "max": 0.5850596,
            "count": 50
        },
        "SwarmBehavior.Policy.Beta.mean": {
            "value": 0.00010008982000000007,
            "min": 0.00010008982000000007,
            "max": 0.009874915210000001,
            "count": 50
        },
        "SwarmBehavior.Policy.Beta.sum": {
            "value": 0.0003002694600000002,
            "min": 0.0003002694600000002,
            "max": 0.028507454040000005,
            "count": 50
        },
        "SwarmBehavior.Losses.CuriosityForwardLoss.mean": {
            "value": 0.021164173444655415,
            "min": 0.020400817957124673,
            "max": 0.6642333931522444,
            "count": 50
        },
        "SwarmBehavior.Losses.CuriosityForwardLoss.sum": {
            "value": 0.06349252033396624,
            "min": 0.040801635914249346,
            "max": 1.3284667863044888,
            "count": 50
        },
        "SwarmBehavior.Losses.CuriosityInverseLoss.mean": {
            "value": 0.851484348376592,
            "min": 0.8430869616568089,
            "max": 4.0096203070133924,
            "count": 50
        },
        "SwarmBehavior.Losses.CuriosityInverseLoss.sum": {
            "value": 2.554453045129776,
            "min": 1.6935988664627075,
            "max": 8.019240614026785,
            "count": 50
        },
        "SwarmBehavior.IsTraining.mean": {
            "value": 1.0,
            "min": 1.0,
            "max": 1.0,
            "count": 50
        },
        "SwarmBehavior.IsTraining.sum": {
            "value": 1.0,
            "min": 1.0,
            "max": 1.0,
            "count": 50
        }
    },
    "metadata": {
        "timer_format_version": "0.1.0",
        "start_time_seconds": "1622079075",
        "python_version": "3.8.10 (tags/v3.8.10:3d8993a, May  3 2021, 11:48:03) [MSC v.1928 64 bit (AMD64)]",
        "command_line_arguments": "C:\\Users\\Gabriel\\AppData\\Local\\Programs\\Python\\Python38\\Scripts\\mlagents-learn Assets/config/MoveToGoalCurious.yaml --run-id=simple_swarm_stretch --force",
        "mlagents_version": "0.26.0",
        "mlagents_envs_version": "0.26.0",
        "communication_protocol_version": "1.5.0",
        "pytorch_version": "1.8.1+cu102",
        "numpy_version": "1.20.3",
        "end_time_seconds": "1622081474"
    },
    "total": 2398.1813842,
    "count": 1,
    "self": 0.034871600000315084,
    "children": {
        "run_training.setup": {
            "total": 0.12164639999999993,
            "count": 1,
            "self": 0.12164639999999993
        },
        "TrainerController.start_learning": {
            "total": 2398.0248662,
            "count": 1,
            "self": 1.026118699993276,
            "children": {
                "TrainerController._reset_env": {
                    "total": 50.5769154,
                    "count": 1,
                    "self": 50.5769154
                },
                "TrainerController.advance": {
                    "total": 2346.1995141000066,
                    "count": 38467,
                    "self": 1.0229004000289024,