{
    "name": "root",
    "metadata": {
        "timer_format_version": "0.1.0",
        "start_time_seconds": "1621892850",
        "python_version": "3.8.10 (tags/v3.8.10:3d8993a, May  3 2021, 11:48:03) [MSC v.1928 64 bit (AMD64)]",
        "command_line_arguments": "C:\\Users\\Gabriel\\AppData\\Local\\Programs\\Python\\Python38\\Scripts\\mlagents-learn --force",
        "mlagents_version": "0.26.0",
        "mlagents_envs_version": "0.26.0",
        "communication_protocol_version": "1.5.0",
        "pytorch_version": "1.8.1+cu102",
        "numpy_version": "1.20.3",
        "end_time_seconds": "1621892921"
    },
    "total": 70.3903975,
    "count": 1,
    "self": 0.010670700000005695,
    "children": {
        "run_training.setup": {
            "total": 0.13441840000000038,
            "count": 1,
            "self": 0.13441840000000038
        },
        "TrainerController.start_learning": {
            "total": 70.2453084,
            "count": 1,
            "self": 0.00014449999999044394,
            "children": {
                "TrainerController._reset_env": {
                    "total": 9.5346574,
                    "count": 1,
                    "self": 9.5346574
                },
                "TrainerController.advance": {
                    "total": 60.087830800000006,
                    "count": 1,
                    "self": 1.900000000887303e-05,
                    "children": {
                        "env_step": {
                            "total": 60.0878118,
                            "count": 1,
                            "self": 60.0878033,
                            "children": {
                                "SubprocessEnvManager._take_step": {
                                    "total": 8.499999999855845e-06,
                                    "count": 1,
                                    "self": 8.499999999855845e-06
                                }
                            }
                        }
                    }
                },
                "TrainerController._save_models": {
                    "total": 0.622675700000002,
                    "count": 1,
                    "self": 0.016136199999991163,
                    "children": {
                        "RLTrainer._checkpoint": {
                            "total": 0.6065395000000109,
                            "count": 1,
                            "self": 0.6065395000000109
                        }
                    }
                }
            }
        }
    }
}